date,wm_yr_wk,weekday,wday,month,year,event_name_1,event_type_1,event_name_2,event_type_2,snap_CA,snap_TX,snap_WI
2015-01-01,11501,Thursday,4,1,2015,,,,,1,1,0
2015-01-02,11501,Friday,5,1,2015,,,,,0,0,0
2015-01-03,11501,Saturday,6,1,2015,,,,,0,0,0
2015-01-04,11501,Sunday,7,1,2015,,,,,0,0,0
2015-01-05,11501,Monday,1,1,2015,,,,,0,0,0
2015-01-06,11501,Tuesday,2,1,2015,,,,,0,0,0
2015-01-07,11501,Wednesday,3,1,2015,,,,,1,0,0
2015-01-08,11502,Thursday,4,1,2015,,,,,1,0,0
2015-01-09,11502,Friday,5,1,2015,,,,,0,1,0
2015-01-10,11502,Saturday,6,1,2015,,,,,0,1,0
2015-01-11,11502,Sunday,7,1,2015,,,,,0,0,0
2015-01-12,11502,Monday,1,1,2015,,,,,0,0,0
2015-01-13,11502,Tuesday,2,1,2015,,,,,0,0,0
2015-01-14,11502,Wednesday,3,1,2015,,,,,1,0,0
2015-01-15,11503,Thursday,4,1,2015,,,,,1,0,0
2015-01-16,11503,Friday,5,1,2015,,,,,0,0,0
2015-01-17,11503,Saturday,6,1,2015,,,,,0,0,0
2015-01-18,11503,Sunday,7,1,2015,,,,,0,1,0
2015-01-19,11503,Monday,1,1,2015,,,,,0,1,0
2015-01-20,11503,Tuesday,2,1,2015,,,,,0,0,0
2015-01-21,11503,Wednesday,3,1,2015,,,,,1,0,0
2015-01-22,11504,Thursday,4,1,2015,,,,,1,0,0
2015-01-23,11504,Friday,5,1,2015,,,,,0,0,0
2015-01-24,11504,Saturday,6,1,2015,,,,,0,0,0
2015-01-25,11504,Sunday,7,1,2015,,,,,0,0,0
2015-01-26,11504,Monday,1,1,2015,,,,,0,0,0
2015-01-27,11504,Tuesday,2,1,2015,,,,,0,1,0
2015-01-28,11504,Wednesday,3,1,2015,,,,,1,1,0
2015-01-29,11505,Thursday,4,1,2015,,,,,1,0,0
2015-01-30,11505,Friday,5,1,2015,,,,,0,0,0
2015-01-31,11505,Saturday,6,1,2015,,,,,0,0,0
2015-02-01,11505,Sunday,7,2,2015,,,,,0,0,0
2015-02-02,11505,Monday,1,2,2015,,,,,0,0,0
2015-02-03,11505,Tuesday,2,2,2015,,,,,0,0,0
2015-02-04,11505,Wednesday,3,2,2015,,,,,1,0,0
2015-02-05,11506,Thursday,4,2,2015,,,,,1,1,0
2015-02-06,11506,Friday,5,2,2015,,,,,0,1,0
2015-02-07,11506,Saturday,6,2,2015,,,,,0,0,0
2015-02-08,11506,Sunday,7,2,2015,,,,,0,0,0
2015-02-09,11506,Monday,1,2,2015,,,,,0,0,0
2015-02-10,11506,Tuesday,2,2,2015,,,,,0,0,0
2015-02-11,11506,Wednesday,3,2,2015,,,,,1,0,0
2015-02-12,11507,Thursday,4,2,2015,,,,,1,0,0
2015-02-13,11507,Friday,5,2,2015,,,,,0,0,0
2015-02-14,11507,Saturday,6,2,2015,ValentinesDay,Cultural,,,0,1,0
2015-02-15,11507,Sunday,7,2,2015,,,,,0,1,0
2015-02-16,11507,Monday,1,2,2015,,,,,0,0,0
2015-02-17,11507,Tuesday,2,2,2015,,,,,0,0,0
2015-02-18,11507,Wednesday,3,2,2015,,,,,1,0,0
2015-02-19,11508,Thursday,4,2,2015,,,,,1,0,0
2015-02-20,11508,Friday,5,2,2015,,,,,0,0,0
2015-02-21,11508,Saturday,6,2,2015,,,,,0,0,0
2015-02-22,11508,Sunday,7,2,2015,,,,,0,0,0
2015-02-23,11508,Monday,1,2,2015,,,,,0,1,0
2015-02-24,11508,Tuesday,2,2,2015,,,,,0,1,0
2015-02-25,11508,Wednesday,3,2,2015,,,,,1,0,0
2015-02-26,11509,Thursday,4,2,2015,,,,,1,0,0
2015-02-27,11509,Friday,5,2,2015,,,,,0,0,0
2015-02-28,11509,Saturday,6,2,2015,,,,,0,0,0
2015-03-01,11509,Sunday,7,3,2015,,,,,0,0,0
2015-03-02,11509,Monday,1,3,2015,,,,,0,0,0
2015-03-03,11509,Tuesday,2,3,2015,,,,,0,0,0
2015-03-04,11509,Wednesday,3,3,2015,,,,,1,1,0
2015-03-05,11510,Thursday,4,3,2015,,,,,1,1,0
2015-03-06,11510,Friday,5,3,2015,,,,,0,0,0
2015-03-07,11510,Saturday,6,3,2015,,,,,0,0,0
2015-03-08,11510,Sunday,7,3,2015,,,,,0,0,0
2015-03-09,11510,Monday,1,3,2015,,,,,0,0,0
2015-03-10,11510,Tuesday,2,3,2015,,,,,0,0,0
2015-03-11,11510,Wednesday,3,3,2015,,,,,1,0,0
2015-03-12,11511,Thursday,4,3,2015,,,,,1,0,0
2015-03-13,11511,Friday,5,3,2015,,,,,0,1,0
2015-03-14,11511,Saturday,6,3,2015,,,,,0,1,0
2015-03-15,11511,Sunday,7,3,2015,,,,,0,0,0
2015-03-16,11511,Monday,1,3,2015,,,,,0,0,0
2015-03-17,11511,Tuesday,2,3,2015,,,,,0,0,0
2015-03-18,11511,Wednesday,3,3,2015,,,,,1,0,0
2015-03-19,11512,Thursday,4,3,2015,,,,,1,0,0
2015-03-20,11512,Friday,5,3,2015,,,,,0,0,0
2015-03-21,11512,Saturday,6,3,2015,,,,,0,0,0
2015-03-22,11512,Sunday,7,3,2015,,,,,0,1,0
2015-03-23,11512,Monday,1,3,2015,,,,,0,1,0
2015-03-24,11512,Tuesday,2,3,2015,,,,,0,0,0
2015-03-25,11512,Wednesday,3,3,2015,,,,,1,0,0
2015-03-26,11513,Thursday,4,3,2015,,,,,1,0,0
2015-03-27,11513,Friday,5,3,2015,,,,,0,0,0
2015-03-28,11513,Saturday,6,3,2015,,,,,0,0,0
2015-03-29,11513,Sunday,7,3,2015,,,,,0,0,0
2015-03-30,11513,Monday,1,3,2015,,,,,0,0,0
2015-03-31,11513,Tuesday,2,3,2015,,,,,0,1,0
2015-04-01,11513,Wednesday,3,4,2015,,,,,1,1,0
2015-04-02,11514,Thursday,4,4,2015,,,,,1,0,0
2015-04-03,11514,Friday,5,4,2015,,,,,0,0,0
2015-04-04,11514,Saturday,6,4,2015,,,,,0,0,0
2015-04-05,11514,Sunday,7,4,2015,,,,,0,0,0
2015-04-06,11514,Monday,1,4,2015,,,,,0,0,0
2015-04-07,11514,Tuesday,2,4,2015,,,,,0,0,0
2015-04-08,11514,Wednesday,3,4,2015,,,,,1,0,0
2015-04-09,11515,Thursday,4,4,2015,,,,,1,1,0
2015-04-10,11515,Friday,5,4,2015,,,,,0,1,0
2015-04-11,11515,Saturday,6,4,2015,,,,,0,0,0
2015-04-12,11515,Sunday,7,4,2015,,,,,0,0,0
2015-04-13,11515,Monday,1,4,2015,,,,,0,0,0
2015-04-14,11515,Tuesday,2,4,2015,,,,,0,0,0
2015-04-15,11515,Wednesday,3,4,2015,,,,,1,0,0
2015-04-16,11516,Thursday,4,4,2015,,,,,1,0,0
2015-04-17,11516,Friday,5,4,2015,,,,,0,0,0
2015-04-18,11516,Saturday,6,4,2015,,,,,0,1,0
2015-04-19,11516,Sunday,7,4,2015,,,,,0,1,0
2015-04-20,11516,Monday,1,4,2015,,,,,0,0,0
2015-04-21,11516,Tuesday,2,4,2015,,,,,0,0,0
2015-04-22,11516,Wednesday,3,4,2015,,,,,1,0,0
2015-04-23,11517,Thursday,4,4,2015,,,,,1,0,0
2015-04-24,11517,Friday,5,4,2015,,,,,0,0,0
2015-04-25,11517,Saturday,6,4,2015,,,,,0,0,0
2015-04-26,11517,Sunday,7,4,2015,,,,,0,0,0
2015-04-27,11517,Monday,1,4,2015,,,,,0,1,0
2015-04-28,11517,Tuesday,2,4,2015,,,,,0,1,0
2015-04-29,11517,Wednesday,3,4,2015,,,,,1,0,0
2015-04-30,11518,Thursday,4,4,2015,,,,,1,0,0
2015-05-01,11518,Friday,5,5,2015,,,,,0,0,0
2015-05-02,11518,Saturday,6,5,2015,,,,,0,0,0
2015-05-03,11518,Sunday,7,5,2015,,,,,0,0,0
2015-05-04,11518,Monday,1,5,2015,,,,,0,0,0
2015-05-05,11518,Tuesday,2,5,2015,,,,,0,0,0
2015-05-06,11518,Wednesday,3,5,2015,,,,,1,1,0
2015-05-07,11519,Thursday,4,5,2015,,,,,1,1,0
2015-05-08,11519,Friday,5,5,2015,,,,,0,0,0
2015-05-09,11519,Saturday,6,5,2015,,,,,0,0,0
2015-05-10,11519,Sunday,7,5,2015,,,,,0,0,0
2015-05-11,11519,Monday,1,5,2015,,,,,0,0,0
2015-05-12,11519,Tuesday,2,5,2015,,,,,0,0,0
2015-05-13,11519,Wednesday,3,5,2015,,,,,1,0,0
2015-05-14,11520,Thursday,4,5,2015,,,,,1,0,0
2015-05-15,11520,Friday,5,5,2015,,,,,0,1,0
2015-05-16,11520,Saturday,6,5,2015,,,,,0,1,0
2015-05-17,11520,Sunday,7,5,2015,,,,,0,0,0
2015-05-18,11520,Monday,1,5,2015,,,,,0,0,0
2015-05-19,11520,Tuesday,2,5,2015,,,,,0,0,0
2015-05-20,11520,Wednesday,3,5,2015,,,,,1,0,0
2015-05-21,11521,Thursday,4,5,2015,,,,,1,0,0
2015-05-22,11521,Friday,5,5,2015,,,,,0,0,0
2015-05-23,11521,Saturday,6,5,2015,,,,,0,0,0
2015-05-24,11521,Sunday,7,5,2015,,,,,0,1,0
2015-05-25,11521,Monday,1,5,2015,,,,,0,1,0
2015-05-26,11521,Tuesday,2,5,2015,,,,,0,0,0
2015-05-27,11521,Wednesday,3,5,2015,,,,,1,0,0
2015-05-28,11522,Thursday,4,5,2015,,,,,1,0,0
2015-05-29,11522,Friday,5,5,2015,,,,,0,0,0
2015-05-30,11522,Saturday,6,5,2015,,,,,0,0,0
2015-05-31,11522,Sunday,7,5,2015,,,,,0,0,0
2015-06-01,11522,Monday,1,6,2015,,,,,0,0,0
2015-06-02,11522,Tuesday,2,6,2015,,,,,0,1,0
2015-06-03,11522,Wednesday,3,6,2015,,,,,1,1,0
2015-06-04,11523,Thursday,4,6,2015,,,,,1,0,0
2015-06-05,11523,Friday,5,6,2015,,,,,0,0,0
2015-06-06,11523,Saturday,6,6,2015,,,,,0,0,0
2015-06-07,11523,Sunday,7,6,2015,,,,,0,0,0
2015-06-08,11523,Monday,1,6,2015,,,,,0,0,0
2015-06-09,11523,Tuesday,2,6,2015,,,,,0,0,0
2015-06-10,11523,Wednesday,3,6,2015,,,,,1,0,0
2015-06-11,11524,Thursday,4,6,2015,,,,,1,1,0
2015-06-12,11524,Friday,5,6,2015,,,,,0,1,0
2015-06-13,11524,Saturday,6,6,2015,,,,,0,0,0
2015-06-14,11524,Sunday,7,6,2015,,,,,0,0,0
2015-06-15,11524,Monday,1,6,2015,,,,,0,0,0
2015-06-16,11524,Tuesday,2,6,2015,,,,,0,0,0
2015-06-17,11524,Wednesday,3,6,2015,,,,,1,0,0
2015-06-18,11525,Thursday,4,6,2015,,,,,1,0,0
2015-06-19,11525,Friday,5,6,2015,,,,,0,0,0
2015-06-20,11525,Saturday,6,6,2015,,,,,0,1,0
2015-06-21,11525,Sunday,7,6,2015,,,,,0,1,0
2015-06-22,11525,Monday,1,6,2015,,,,,0,0,0
2015-06-23,11525,Tuesday,2,6,2015,,,,,0,0,0
2015-06-24,11525,Wednesday,3,6,2015,,,,,1,0,0
2015-06-25,11526,Thursday,4,6,2015,,,,,1,0,0
2015-06-26,11526,Friday,5,6,2015,,,,,0,0,0
2015-06-27,11526,Saturday,6,6,2015,,,,,0,0,0
2015-06-28,11526,Sunday,7,6,2015,,,,,0,0,0
2015-06-29,11526,Monday,1,6,2015,,,,,0,1,0
2015-06-30,11526,Tuesday,2,6,2015,,,,,0,1,0
2015-07-01,11526,Wednesday,3,7,2015,,,,,1,0,0
2015-07-02,11527,Thursday,4,7,2015,,,,,1,0,0
2015-07-03,11527,Friday,5,7,2015,,,,,0,0,0
2015-07-04,11527,Saturday,6,7,2015,,,,,0,0,0
2015-07-05,11527,Sunday,7,7,2015,,,,,0,0,0
2015-07-06,11527,Monday,1,7,2015,,,,,0,0,0
2015-07-07,11527,Tuesday,2,7,2015,,,,,0,0,0
2015-07-08,11527,Wednesday,3,7,2015,,,,,1,1,0
2015-07-09,11528,Thursday,4,7,2015,,,,,1,1,0
2015-07-10,11528,Friday,5,7,2015,,,,,0,0,0
2015-07-11,11528,Saturday,6,7,2015,,,,,0,0,0
2015-07-12,11528,Sunday,7,7,2015,,,,,0,0,0
2015-07-13,11528,Monday,1,7,2015,,,,,0,0,0
2015-07-14,11528,Tuesday,2,7,2015,,,,,0,0,0
2015-07-15,11528,Wednesday,3,7,2015,,,,,1,0,0
2015-07-16,11529,Thursday,4,7,2015,,,,,1,0,0
2015-07-17,11529,Friday,5,7,2015,,,,,0,1,0
2015-07-18,11529,Saturday,6,7,2015,,,,,0,1,0
2015-07-19,11529,Sunday,7,7,2015,,,,,0,0,0
2015-07-20,11529,Monday,1,7,2015,,,,,0,0,0
2015-07-21,11529,Tuesday,2,7,2015,,,,,0,0,0
2015-07-22,11529,Wednesday,3,7,2015,,,,,1,0,0
2015-07-23,11530,Thursday,4,7,2015,,,,,1,0,0
2015-07-24,11530,Friday,5,7,2015,,,,,0,0,0
2015-07-25,11530,Saturday,6,7,2015,,,,,0,0,0
2015-07-26,11530,Sunday,7,7,2015,,,,,0,1,0
2015-07-27,11530,Monday,1,7,2015,,,,,0,1,0
2015-07-28,11530,Tuesday,2,7,2015,,,,,0,0,0
2015-07-29,11530,Wednesday,3,7,2015,,,,,1,0,0
2015-07-30,11531,Thursday,4,7,2015,,,,,1,0,0
2015-07-31,11531,Friday,5,7,2015,,,,,0,0,0
2015-08-01,11531,Saturday,6,8,2015,,,,,0,0,0
2015-08-02,11531,Sunday,7,8,2015,,,,,0,0,0
2015-08-03,11531,Monday,1,8,2015,,,,,0,0,0
2015-08-04,11531,Tuesday,2,8,2015,,,,,0,1,0
2015-08-05,11531,Wednesday,3,8,2015,,,,,1,1,0
2015-08-06,11532,Thursday,4,8,2015,,,,,1,0,0
2015-08-07,11532,Friday,5,8,2015,,,,,0,0,0
2015-08-08,11532,Saturday,6,8,2015,,,,,0,0,0
2015-08-09,11532,Sunday,7,8,2015,,,,,0,0,0
2015-08-10,11532,Monday,1,8,2015,,,,,0,0,0
2015-08-11,11532,Tuesday,2,8,2015,,,,,0,0,0
2015-08-12,11532,Wednesday,3,8,2015,,,,,1,0,0
2015-08-13,11533,Thursday,4,8,2015,,,,,1,1,0
2015-08-14,11533,Friday,5,8,2015,,,,,0,1,0
2015-08-15,11533,Saturday,6,8,2015,,,,,0,0,0
2015-08-16,11533,Sunday,7,8,2015,,,,,0,0,0
2015-08-17,11533,Monday,1,8,2015,,,,,0,0,0
2015-08-18,11533,Tuesday,2,8,2015,,,,,0,0,0
2015-08-19,11533,Wednesday,3,8,2015,,,,,1,0,0
2015-08-20,11534,Thursday,4,8,2015,,,,,1,0,0
2015-08-21,11534,Friday,5,8,2015,,,,,0,0,0
2015-08-22,11534,Saturday,6,8,2015,,,,,0,1,0
2015-08-23,11534,Sunday,7,8,2015,,,,,0,1,0
2015-08-24,11534,Monday,1,8,2015,,,,,0,0,0
2015-08-25,11534,Tuesday,2,8,2015,,,,,0,0,0
2015-08-26,11534,Wednesday,3,8,2015,,,,,1,0,0
2015-08-27,11535,Thursday,4,8,2015,,,,,1,0,0
2015-08-28,11535,Friday,5,8,2015,,,,,0,0,0
2015-08-29,11535,Saturday,6,8,2015,,,,,0,0,0
2015-08-30,11535,Sunday,7,8,2015,,,,,0,0,0
2015-08-31,11535,Monday,1,8,2015,,,,,0,1,0
2015-09-01,11535,Tuesday,2,9,2015,,,,,0,1,0
2015-09-02,11535,Wednesday,3,9,2015,,,,,1,0,0
2015-09-03,11536,Thursday,4,9,2015,,,,,1,0,0
2015-09-04,11536,Friday,5,9,2015,,,,,0,0,0
2015-09-05,11536,Saturday,6,9,2015,,,,,0,0,0
2015-09-06,11536,Sunday,7,9,2015,,,,,0,0,0
2015-09-07,11536,Monday,1,9,2015,,,,,0,0,0
2015-09-08,11536,Tuesday,2,9,2015,,,,,0,0,0
2015-09-09,11536,Wednesday,3,9,2015,,,,,1,1,0
2015-09-10,11537,Thursday,4,9,2015,,,,,1,1,0
2015-09-11,11537,Friday,5,9,2015,,,,,0,0,0
2015-09-12,11537,Saturday,6,9,2015,,,,,0,0,0
2015-09-13,11537,Sunday,7,9,2015,,,,,0,0,0
2015-09-14,11537,Monday,1,9,2015,,,,,0,0,0
2015-09-15,11537,Tuesday,2,9,2015,,,,,0,0,0
2015-09-16,11537,Wednesday,3,9,2015,,,,,1,0,0
2015-09-17,11538,Thursday,4,9,2015,,,,,1,0,0
2015-09-18,11538,Friday,5,9,2015,,,,,0,1,0
2015-09-19,11538,Saturday,6,9,2015,,,,,0,1,0
2015-09-20,11538,Sunday,7,9,2015,,,,,0,0,0
2015-09-21,11538,Monday,1,9,2015,,,,,0,0,0
2015-09-22,11538,Tuesday,2,9,2015,,,,,0,0,0
2015-09-23,11538,Wednesday,3,9,2015,,,,,1,0,0
2015-09-24,11539,Thursday,4,9,2015,,,,,1,0,0
2015-09-25,11539,Friday,5,9,2015,,,,,0,0,0
2015-09-26,11539,Saturday,6,9,2015,,,,,0,0,0
2015-09-27,11539,Sunday,7,9,2015,,,,,0,1,0
2015-09-28,11539,Monday,1,9,2015,,,,,0,1,0
2015-09-29,11539,Tuesday,2,9,2015,,,,,0,0,0
2015-09-30,11539,Wednesday,3,9,2015,,,,,1,0,0
2015-10-01,11540,Thursday,4,10,2015,,,,,1,0,0
2015-10-02,11540,Friday,5,10,2015,,,,,0,0,0
2015-10-03,11540,Saturday,6,10,2015,,,,,0,0,0
2015-10-04,11540,Sunday,7,10,2015,,,,,0,0,0
2015-10-05,11540,Monday,1,10,2015,,,,,0,0,0
2015-10-06,11540,Tuesday,2,10,2015,,,,,0,1,0
2015-10-07,11540,Wednesday,3,10,2015,,,,,1,1,0
2015-10-08,11541,Thursday,4,10,2015,,,,,1,0,0
2015-10-09,11541,Friday,5,10,2015,,,,,0,0,0
2015-10-10,11541,Saturday,6,10,2015,,,,,0,0,0
2015-10-11,11541,Sunday,7,10,2015,,,,,0,0,0
2015-10-12,11541,Monday,1,10,2015,,,,,0,0,0
2015-10-13,11541,Tuesday,2,10,2015,,,,,0,0,0
2015-10-14,11541,Wednesday,3,10,2015,,,,,1,0,0
2015-10-15,11542,Thursday,4,10,2015,,,,,1,1,0
2015-10-16,11542,Friday,5,10,2015,,,,,0,1,0
2015-10-17,11542,Saturday,6,10,2015,,,,,0,0,0
2015-10-18,11542,Sunday,7,10,2015,,,,,0,0,0
2015-10-19,11542,Monday,1,10,2015,,,,,0,0,0
2015-10-20,11542,Tuesday,2,10,2015,,,,,0,0,0
2015-10-21,11542,Wednesday,3,10,2015,,,,,1,0,0
2015-10-22,11543,Thursday,4,10,2015,,,,,1,0,0
2015-10-23,11543,Friday,5,10,2015,,,,,0,0,0
2015-10-24,11543,Saturday,6,10,2015,,,,,0,1,0
2015-10-25,11543,Sunday,7,10,2015,,,,,0,1,0
2015-10-26,11543,Monday,1,10,2015,,,,,0,0,0
2015-10-27,11543,Tuesday,2,10,2015,,,,,0,0,0
2015-10-28,11543,Wednesday,3,10,2015,,,,,1,0,0
2015-10-29,11544,Thursday,4,10,2015,,,,,1,0,0
2015-10-30,11544,Friday,5,10,2015,,,,,0,0,0
2015-10-31,11544,Saturday,6,10,2015,,,,,0,0,0
2015-11-01,11544,Sunday,7,11,2015,,,,,0,0,0
2015-11-02,11544,Monday,1,11,2015,,,,,0,1,0
2015-11-03,11544,Tuesday,2,11,2015,,,,,0,1,0
2015-11-04,11544,Wednesday,3,11,2015,,,,,1,0,0
2015-11-05,11545,Thursday,4,11,2015,,,,,1,0,0
2015-11-06,11545,Friday,5,11,2015,,,,,0,0,0
2015-11-07,11545,Saturday,6,11,2015,,,,,0,0,0
2015-11-08,11545,Sunday,7,11,2015,,,,,0,0,0
2015-11-09,11545,Monday,1,11,2015,,,,,0,0,0
2015-11-10,11545,Tuesday,2,11,2015,,,,,0,0,0
2015-11-11,11545,Wednesday,3,11,2015,,,,,1,1,0
2015-11-12,11546,Thursday,4,11,2015,,,,,1,1,0
2015-11-13,11546,Friday,5,11,2015,,,,,0,0,0
2015-11-14,11546,Saturday,6,11,2015,,,,,0,0,0
2015-11-15,11546,Sunday,7,11,2015,,,,,0,0,0
2015-11-16,11546,Monday,1,11,2015,,,,,0,0,0
2015-11-17,11546,Tuesday,2,11,2015,,,,,0,0,0
2015-11-18,11546,Wednesday,3,11,2015,,,,,1,0,0
2015-11-19,11547,Thursday,4,11,2015,,,,,1,0,0
2015-11-20,11547,Friday,5,11,2015,,,,,0,1,0
2015-11-21,11547,Saturday,6,11,2015,,,,,0,1,0
2015-11-22,11547,Sunday,7,11,2015,,,,,0,0,0
2015-11-23,11547,Monday,1,11,2015,,,,,0,0,0
2015-11-24,11547,Tuesday,2,11,2015,,,,,0,0,0
2015-11-25,11547,Wednesday,3,11,2015,,,,,1,0,0
2015-11-26,11548,Thursday,4,11,2015,,,,,1,0,0
2015-11-27,11548,Friday,5,11,2015,BlackFriday,Cultural,,,0,0,0
2015-11-28,11548,Saturday,6,11,2015,,,,,0,0,0
2015-11-29,11548,Sunday,7,11,2015,,,,,0,1,0
2015-11-30,11548,Monday,1,11,2015,,,,,0,1,0
2015-12-01,11548,Tuesday,2,12,2015,,,,,0,0,0
2015-12-02,11548,Wednesday,3,12,2015,,,,,1,0,0
2015-12-03,11549,Thursday,4,12,2015,,,,,1,0,0
2015-12-04,11549,Friday,5,12,2015,,,,,0,0,0
2015-12-05,11549,Saturday,6,12,2015,,,,,0,0,0
2015-12-06,11549,Sunday,7,12,2015,,,,,0,0,0
2015-12-07,11549,Monday,1,12,2015,,,,,0,0,0
2015-12-08,11549,Tuesday,2,12,2015,,,,,0,1,0
2015-12-09,11549,Wednesday,3,12,2015,,,,,1,1,0
2015-12-10,11550,Thursday,4,12,2015,,,,,1,0,0
2015-12-11,11550,Friday,5,12,2015,,,,,0,0,0
2015-12-12,11550,Saturday,6,12,2015,,,,,0,0,0
2015-12-13,11550,Sunday,7,12,2015,,,,,0,0,0
2015-12-14,11550,Monday,1,12,2015,,,,,0,0,0
2015-12-15,11550,Tuesday,2,12,2015,,,,,0,0,0
2015-12-16,11550,Wednesday,3,12,2015,,,,,1,0,0
2015-12-17,11551,Thursday,4,12,2015,,,,,1,1,0
2015-12-18,11551,Friday,5,12,2015,,,,,0,1,0
2015-12-19,11551,Saturday,6,12,2015,,,,,0,0,0
2015-12-20,11551,Sunday,7,12,2015,,,,,0,0,0
2015-12-21,11551,Monday,1,12,2015,,,,,0,0,0
2015-12-22,11551,Tuesday,2,12,2015,,,,,0,0,0
2015-12-23,11551,Wednesday,3,12,2015,,,,,1,0,0
2015-12-24,11552,Thursday,4,12,2015,,,,,1,0,0
2015-12-25,11552,Friday,5,12,2015,Christmas,National,,,0,0,0
2015-12-26,11552,Saturday,6,12,2015,,,,,0,1,0
2015-12-27,11552,Sunday,7,12,2015,,,,,0,1,0
2015-12-28,11552,Monday,1,12,2015,,,,,0,0,0
2015-12-29,11552,Tuesday,2,12,2015,,,,,0,0,0
2015-12-30,11552,Wednesday,3,12,2015,,,,,1,0,0
2015-12-31,11553,Thursday,4,12,2015,,,,,1,0,0
2016-01-01,11553,Friday,5,1,2016,,,,,1,1,0
2016-01-02,11553,Saturday,6,1,2016,,,,,0,0,0
2016-01-03,11553,Sunday,7,1,2016,,,,,0,0,0
2016-01-04,11553,Monday,1,1,2016,,,,,0,0,0
2016-01-05,11553,Tuesday,2,1,2016,,,,,0,0,0
2016-01-06,11553,Wednesday,3,1,2016,,,,,0,0,0
2016-01-07,11554,Thursday,4,1,2016,,,,,1,0,0
2016-01-08,11554,Friday,5,1,2016,,,,,1,0,0
2016-01-09,11554,Saturday,6,1,2016,,,,,0,1,0
2016-01-10,11554,Sunday,7,1,2016,,,,,0,1,0
2016-01-11,11554,Monday,1,1,2016,,,,,0,0,0
2016-01-12,11554,Tuesday,2,1,2016,,,,,0,0,0
2016-01-13,11554,Wednesday,3,1,2016,,,,,0,0,0
2016-01-14,11555,Thursday,4,1,2016,,,,,1,0,0
2016-01-15,11555,Friday,5,1,2016,,,,,1,0,0
2016-01-16,11555,Saturday,6,1,2016,,,,,0,0,0
2016-01-17,11555,Sunday,7,1,2016,,,,,0,0,0
2016-01-18,11555,Monday,1,1,2016,,,,,0,1,0
2016-01-19,11555,Tuesday,2,1,2016,,,,,0,1,0
2016-01-20,11555,Wednesday,3,1,2016,,,,,0,0,0
2016-01-21,11556,Thursday,4,1,2016,,,,,1,0,0
2016-01-22,11556,Friday,5,1,2016,,,,,1,0,0
2016-01-23,11556,Saturday,6,1,2016,,,,,0,0,0
2016-01-24,11556,Sunday,7,1,2016,,,,,0,0,0
2016-01-25,11556,Monday,1,1,2016,,,,,0,0,0
2016-01-26,11556,Tuesday,2,1,2016,,,,,0,0,0
2016-01-27,11556,Wednesday,3,1,2016,,,,,0,1,0
2016-01-28,11557,Thursday,4,1,2016,,,,,1,1,0
2016-01-29,11557,Friday,5,1,2016,,,,,1,0,0
2016-01-30,11557,Saturday,6,1,2016,,,,,0,0,0
2016-01-31,11557,Sunday,7,1,2016,,,,,0,0,0
2016-02-01,11557,Monday,1,2,2016,,,,,0,0,0
2016-02-02,11557,Tuesday,2,2,2016,,,,,0,0,0
2016-02-03,11557,Wednesday,3,2,2016,,,,,0,0,0
2016-02-04,11558,Thursday,4,2,2016,,,,,1,0,0
2016-02-05,11558,Friday,5,2,2016,,,,,1,1,0
2016-02-06,11558,Saturday,6,2,2016,,,,,0,1,0
2016-02-07,11558,Sunday,7,2,2016,,,,,0,0,0
2016-02-08,11558,Monday,1,2,2016,,,,,0,0,0
2016-02-09,11558,Tuesday,2,2,2016,,,,,0,0,0
2016-02-10,11558,Wednesday,3,2,2016,,,,,0,0,0
2016-02-11,11559,Thursday,4,2,2016,,,,,1,0,0
2016-02-12,11559,Friday,5,2,2016,,,,,1,0,0
2016-02-13,11559,Saturday,6,2,2016,,,,,0,0,0
2016-02-14,11559,Sunday,7,2,2016,ValentinesDay,Cultural,,,0,1,0
2016-02-15,11559,Monday,1,2,2016,,,,,0,1,0
2016-02-16,11559,Tuesday,2,2,2016,,,,,0,0,0
2016-02-17,11559,Wednesday,3,2,2016,,,,,0,0,0
2016-02-18,11560,Thursday,4,2,2016,,,,,1,0,0
2016-02-19,11560,Friday,5,2,2016,,,,,1,0,0
2016-02-20,11560,Saturday,6,2,2016,,,,,0,0,0
2016-02-21,11560,Sunday,7,2,2016,,,,,0,0,0
2016-02-22,11560,Monday,1,2,2016,,,,,0,0,0
2016-02-23,11560,Tuesday,2,2,2016,,,,,0,1,0
2016-02-24,11560,Wednesday,3,2,2016,,,,,0,1,0
2016-02-25,11561,Thursday,4,2,2016,,,,,1,0,0
2016-02-26,11561,Friday,5,2,2016,,,,,1,0,0
2016-02-27,11561,Saturday,6,2,2016,,,,,0,0,0
2016-02-28,11561,Sunday,7,2,2016,,,,,0,0,0
2016-02-29,11561,Monday,1,2,2016,,,,,0,0,0
2016-03-01,11561,Tuesday,2,3,2016,,,,,0,0,0
2016-03-02,11561,Wednesday,3,3,2016,,,,,0,0,0
2016-03-03,11562,Thursday,4,3,2016,,,,,1,1,0
2016-03-04,11562,Friday,5,3,2016,,,,,1,1,0
2016-03-05,11562,Saturday,6,3,2016,,,,,0,0,0
2016-03-06,11562,Sunday,7,3,2016,,,,,0,0,0
2016-03-07,11562,Monday,1,3,2016,,,,,0,0,0
2016-03-08,11562,Tuesday,2,3,2016,,,,,0,0,0
2016-03-09,11562,Wednesday,3,3,2016,,,,,0,0,0
2016-03-10,11563,Thursday,4,3,2016,,,,,1,0,0
2016-03-11,11563,Friday,5,3,2016,,,,,1,0,0
2016-03-12,11563,Saturday,6,3,2016,,,,,0,1,0
2016-03-13,11563,Sunday,7,3,2016,,,,,0,1,0
2016-03-14,11563,Monday,1,3,2016,,,,,0,0,0
2016-03-15,11563,Tuesday,2,3,2016,,,,,0,0,0
2016-03-16,11563,Wednesday,3,3,2016,,,,,0,0,0
2016-03-17,11564,Thursday,4,3,2016,,,,,1,0,0
2016-03-18,11564,Friday,5,3,2016,,,,,1,0,0
2016-03-19,11564,Saturday,6,3,2016,,,,,0,0,0
2016-03-20,11564,Sunday,7,3,2016,,,,,0,0,0
2016-03-21,11564,Monday,1,3,2016,,,,,0,1,0
2016-03-22,11564,Tuesday,2,3,2016,,,,,0,1,0
2016-03-23,11564,Wednesday,3,3,2016,,,,,0,0,0
2016-03-24,11565,Thursday,4,3,2016,,,,,1,0,0
2016-03-25,11565,Friday,5,3,2016,,,,,1,0,0
2016-03-26,11565,Saturday,6,3,2016,,,,,0,0,0
2016-03-27,11565,Sunday,7,3,2016,,,,,0,0,0
2016-03-28,11565,Monday,1,3,2016,,,,,0,0,0
2016-03-29,11565,Tuesday,2,3,2016,,,,,0,0,0
2016-03-30,11565,Wednesday,3,3,2016,,,,,0,1,0
2016-03-31,11566,Thursday,4,3,2016,,,,,1,1,0
2016-04-01,11566,Friday,5,4,2016,,,,,1,0,0
2016-04-02,11566,Saturday,6,4,2016,,,,,0,0,0
2016-04-03,11566,Sunday,7,4,2016,,,,,0,0,0
2016-04-04,11566,Monday,1,4,2016,,,,,0,0,0
2016-04-05,11566,Tuesday,2,4,2016,,,,,0,0,0
2016-04-06,11566,Wednesday,3,4,2016,,,,,0,0,0
2016-04-07,11567,Thursday,4,4,2016,,,,,1,0,0
2016-04-08,11567,Friday,5,4,2016,,,,,1,1,0
2016-04-09,11567,Saturday,6,4,2016,,,,,0,1,0
2016-04-10,11567,Sunday,7,4,2016,,,,,0,0,0
2016-04-11,11567,Monday,1,4,2016,,,,,0,0,0
2016-04-12,11567,Tuesday,2,4,2016,,,,,0,0,0
2016-04-13,11567,Wednesday,3,4,2016,,,,,0,0,0
2016-04-14,11568,Thursday,4,4,2016,,,,,1,0,0
2016-04-15,11568,Friday,5,4,2016,,,,,1,0,0
2016-04-16,11568,Saturday,6,4,2016,,,,,0,0,0
2016-04-17,11568,Sunday,7,4,2016,,,,,0,1,0
2016-04-18,11568,Monday,1,4,2016,,,,,0,1,0
2016-04-19,11568,Tuesday,2,4,2016,,,,,0,0,0
2016-04-20,11568,Wednesday,3,4,2016,,,,,0,0,0
2016-04-21,11569,Thursday,4,4,2016,,,,,1,0,0
2016-04-22,11569,Friday,5,4,2016,,,,,1,0,0
2016-04-23,11569,Saturday,6,4,2016,,,,,0,0,0
2016-04-24,11569,Sunday,7,4,2016,,,,,0,0,0
2016-04-25,11569,Monday,1,4,2016,,,,,0,0,0
2016-04-26,11569,Tuesday,2,4,2016,,,,,0,1,0
2016-04-27,11569,Wednesday,3,4,2016,,,,,0,1,0
2016-04-28,11570,Thursday,4,4,2016,,,,,1,0,0
2016-04-29,11570,Friday,5,4,2016,,,,,1,0,0
2016-04-30,11570,Saturday,6,4,2016,,,,,0,0,0
2016-05-01,11570,Sunday,7,5,2016,,,,,0,0,0
2016-05-02,11570,Monday,1,5,2016,,,,,0,0,0
2016-05-03,11570,Tuesday,2,5,2016,,,,,0,0,0
2016-05-04,11570,Wednesday,3,5,2016,,,,,0,0,0
2016-05-05,11571,Thursday,4,5,2016,,,,,1,1,0
2016-05-06,11571,Friday,5,5,2016,,,,,1,1,0
2016-05-07,11571,Saturday,6,5,2016,,,,,0,0,0
2016-05-08,11571,Sunday,7,5,2016,,,,,0,0,0
2016-05-09,11571,Monday,1,5,2016,,,,,0,0,0
2016-05-10,11571,Tuesday,2,5,2016,,,,,0,0,0
2016-05-11,11571,Wednesday,3,5,2016,,,,,0,0,0
2016-05-12,11572,Thursday,4,5,2016,,,,,1,0,0
2016-05-13,11572,Friday,5,5,2016,,,,,1,0,0
2016-05-14,11572,Saturday,6,5,2016,,,,,0,1,0
2016-05-15,11572,Sunday,7,5,2016,,,,,0,1,0
2016-05-16,11572,Monday,1,5,2016,,,,,0,0,0
2016-05-17,11572,Tuesday,2,5,2016,,,,,0,0,0
2016-05-18,11572,Wednesday,3,5,2016,,,,,0,0,0
2016-05-19,11573,Thursday,4,5,2016,,,,,1,0,0
2016-05-20,11573,Friday,5,5,2016,,,,,1,0,0
2016-05-21,11573,Saturday,6,5,2016,,,,,0,0,0
2016-05-22,11573,Sunday,7,5,2016,,,,,0,0,0
2016-05-23,11573,Monday,1,5,2016,,,,,0,1,0
2016-05-24,11573,Tuesday,2,5,2016,,,,,0,1,0
2016-05-25,11573,Wednesday,3,5,2016,,,,,0,0,0
2016-05-26,11574,Thursday,4,5,2016,,,,,1,0,0
2016-05-27,11574,Friday,5,5,2016,,,,,1,0,0
2016-05-28,11574,Saturday,6,5,2016,,,,,0,0,0
2016-05-29,11574,Sunday,7,5,2016,,,,,0,0,0
2016-05-30,11574,Monday,1,5,2016,,,,,0,0,0
2016-05-31,11574,Tuesday,2,5,2016,,,,,0,0,0
2016-06-01,11574,Wednesday,3,6,2016,,,,,0,1,0
2016-06-02,11575,Thursday,4,6,2016,,,,,1,1,0
2016-06-03,11575,Friday,5,6,2016,,,,,1,0,0
2016-06-04,11575,Saturday,6,6,2016,,,,,0,0,0
2016-06-05,11575,Sunday,7,6,2016,,,,,0,0,0
2016-06-06,11575,Monday,1,6,2016,,,,,0,0,0
2016-06-07,11575,Tuesday,2,6,2016,,,,,0,0,0
2016-06-08,11575,Wednesday,3,6,2016,,,,,0,0,0
2016-06-09,11576,Thursday,4,6,2016,,,,,1,0,0
2016-06-10,11576,Friday,5,6,2016,,,,,1,1,0
2016-06-11,11576,Saturday,6,6,2016,,,,,0,1,0
2016-06-12,11576,Sunday,7,6,2016,,,,,0,0,0
2016-06-13,11576,Monday,1,6,2016,,,,,0,0,0
2016-06-14,11576,Tuesday,2,6,2016,,,,,0,0,0
2016-06-15,11576,Wednesday,3,6,2016,,,,,0,0,0
2016-06-16,11577,Thursday,4,6,2016,,,,,1,0,0
2016-06-17,11577,Friday,5,6,2016,,,,,1,0,0
2016-06-18,11577,Saturday,6,6,2016,,,,,0,0,0
2016-06-19,11577,Sunday,7,6,2016,,,,,0,1,0
2016-06-20,11577,Monday,1,6,2016,,,,,0,1,0
2016-06-21,11577,Tuesday,2,6,2016,,,,,0,0,0
2016-06-22,11577,Wednesday,3,6,2016,,,,,0,0,0
2016-06-23,11578,Thursday,4,6,2016,,,,,1,0,0
2016-06-24,11578,Friday,5,6,2016,,,,,1,0,0
2016-06-25,11578,Saturday,6,6,2016,,,,,0,0,0
2016-06-26,11578,Sunday,7,6,2016,,,,,0,0,0
2016-06-27,11578,Monday,1,6,2016,,,,,0,0,0
2016-06-28,11578,Tuesday,2,6,2016,,,,,0,1,0
2016-06-29,11578,Wednesday,3,6,2016,,,,,0,1,0
2016-06-30,11579,Thursday,4,6,2016,,,,,1,0,0
2016-07-01,11579,Friday,5,7,2016,,,,,1,0,0
2016-07-02,11579,Saturday,6,7,2016,,,,,0,0,0
2016-07-03,11579,Sunday,7,7,2016,,,,,0,0,0
2016-07-04,11579,Monday,1,7,2016,,,,,0,0,0
2016-07-05,11579,Tuesday,2,7,2016,,,,,0,0,0
2016-07-06,11579,Wednesday,3,7,2016,,,,,0,0,0
2016-07-07,11580,Thursday,4,7,2016,,,,,1,1,0
2016-07-08,11580,Friday,5,7,2016,,,,,1,1,0
2016-07-09,11580,Saturday,6,7,2016,,,,,0,0,0
2016-07-10,11580,Sunday,7,7,2016,,,,,0,0,0
2016-07-11,11580,Monday,1,7,2016,,,,,0,0,0
2016-07-12,11580,Tuesday,2,7,2016,,,,,0,0,0
2016-07-13,11580,Wednesday,3,7,2016,,,,,0,0,0
2016-07-14,11581,Thursday,4,7,2016,,,,,1,0,0
2016-07-15,11581,Friday,5,7,2016,,,,,1,0,0
2016-07-16,11581,Saturday,6,7,2016,,,,,0,1,0
2016-07-17,11581,Sunday,7,7,2016,,,,,0,1,0
2016-07-18,11581,Monday,1,7,2016,,,,,0,0,0
2016-07-19,11581,Tuesday,2,7,2016,,,,,0,0,0
2016-07-20,11581,Wednesday,3,7,2016,,,,,0,0,0
2016-07-21,11582,Thursday,4,7,2016,,,,,1,0,0
2016-07-22,11582,Friday,5,7,2016,,,,,1,0,0
2016-07-23,11582,Saturday,6,7,2016,,,,,0,0,0
2016-07-24,11582,Sunday,7,7,2016,,,,,0,0,0
2016-07-25,11582,Monday,1,7,2016,,,,,0,1,0
2016-07-26,11582,Tuesday,2,7,2016,,,,,0,1,0
2016-07-27,11582,Wednesday,3,7,2016,,,,,0,0,0
2016-07-28,11583,Thursday,4,7,2016,,,,,1,0,0
2016-07-29,11583,Friday,5,7,2016,,,,,1,0,0
2016-07-30,11583,Saturday,6,7,2016,,,,,0,0,0
2016-07-31,11583,Sunday,7,7,2016,,,,,0,0,0
2016-08-01,11583,Monday,1,8,2016,,,,,0,0,0
2016-08-02,11583,Tuesday,2,8,2016,,,,,0,0,0
2016-08-03,11583,Wednesday,3,8,2016,,,,,0,1,0
2016-08-04,11584,Thursday,4,8,2016,,,,,1,1,0
2016-08-05,11584,Friday,5,8,2016,,,,,1,0,0
2016-08-06,11584,Saturday,6,8,2016,,,,,0,0,0
2016-08-07,11584,Sunday,7,8,2016,,,,,0,0,0
2016-08-08,11584,Monday,1,8,2016,,,,,0,0,0
2016-08-09,11584,Tuesday,2,8,2016,,,,,0,0,0
2016-08-10,11584,Wednesday,3,8,2016,,,,,0,0,0
2016-08-11,11585,Thursday,4,8,2016,,,,,1,0,0
2016-08-12,11585,Friday,5,8,2016,,,,,1,1,0
2016-08-13,11585,Saturday,6,8,2016,,,,,0,1,0
2016-08-14,11585,Sunday,7,8,2016,,,,,0,0,0
2016-08-15,11585,Monday,1,8,2016,,,,,0,0,0
2016-08-16,11585,Tuesday,2,8,2016,,,,,0,0,0
2016-08-17,11585,Wednesday,3,8,2016,,,,,0,0,0
2016-08-18,11586,Thursday,4,8,2016,,,,,1,0,0
2016-08-19,11586,Friday,5,8,2016,,,,,1,0,0
2016-08-20,11586,Saturday,6,8,2016,,,,,0,0,0
2016-08-21,11586,Sunday,7,8,2016,,,,,0,1,0
2016-08-22,11586,Monday,1,8,2016,,,,,0,1,0
2016-08-23,11586,Tuesday,2,8,2016,,,,,0,0,0
2016-08-24,11586,Wednesday,3,8,2016,,,,,0,0,0
2016-08-25,11587,Thursday,4,8,2016,,,,,1,0,0
2016-08-26,11587,Friday,5,8,2016,,,,,1,0,0
2016-08-27,11587,Saturday,6,8,2016,,,,,0,0,0
2016-08-28,11587,Sunday,7,8,2016,,,,,0,0,0
2016-08-29,11587,Monday,1,8,2016,,,,,0,0,0
2016-08-30,11587,Tuesday,2,8,2016,,,,,0,1,0
2016-08-31,11587,Wednesday,3,8,2016,,,,,0,1,0
2016-09-01,11588,Thursday,4,9,2016,,,,,1,0,0
2016-09-02,11588,Friday,5,9,2016,,,,,1,0,0
2016-09-03,11588,Saturday,6,9,2016,,,,,0,0,0
2016-09-04,11588,Sunday,7,9,2016,,,,,0,0,0
2016-09-05,11588,Monday,1,9,2016,,,,,0,0,0
2016-09-06,11588,Tuesday,2,9,2016,,,,,0,0,0
2016-09-07,11588,Wednesday,3,9,2016,,,,,0,0,0
2016-09-08,11589,Thursday,4,9,2016,,,,,1,1,0
2016-09-09,11589,Friday,5,9,2016,,,,,1,1,0
2016-09-10,11589,Saturday,6,9,2016,,,,,0,0,0
2016-09-11,11589,Sunday,7,9,2016,,,,,0,0,0
2016-09-12,11589,Monday,1,9,2016,,,,,0,0,0
2016-09-13,11589,Tuesday,2,9,2016,,,,,0,0,0
2016-09-14,11589,Wednesday,3,9,2016,,,,,0,0,0
2016-09-15,11590,Thursday,4,9,2016,,,,,1,0,0
2016-09-16,11590,Friday,5,9,2016,,,,,1,0,0
2016-09-17,11590,Saturday,6,9,2016,,,,,0,1,0
2016-09-18,11590,Sunday,7,9,2016,,,,,0,1,0
2016-09-19,11590,Monday,1,9,2016,,,,,0,0,0
2016-09-20,11590,Tuesday,2,9,2016,,,,,0,0,0
2016-09-21,11590,Wednesday,3,9,2016,,,,,0,0,0
2016-09-22,11591,Thursday,4,9,2016,,,,,1,0,0
2016-09-23,11591,Friday,5,9,2016,,,,,1,0,0
2016-09-24,11591,Saturday,6,9,2016,,,,,0,0,0
2016-09-25,11591,Sunday,7,9,2016,,,,,0,0,0
2016-09-26,11591,Monday,1,9,2016,,,,,0,1,0
2016-09-27,11591,Tuesday,2,9,2016,,,,,0,1,0
2016-09-28,11591,Wednesday,3,9,2016,,,,,0,0,0
2016-09-29,11592,Thursday,4,9,2016,,,,,1,0,0
2016-09-30,11592,Friday,5,9,2016,,,,,1,0,0
2016-10-01,11592,Saturday,6,10,2016,,,,,0,0,0
2016-10-02,11592,Sunday,7,10,2016,,,,,0,0,0
2016-10-03,11592,Monday,1,10,2016,,,,,0,0,0
2016-10-04,11592,Tuesday,2,10,2016,,,,,0,0,0
2016-10-05,11592,Wednesday,3,10,2016,,,,,0,1,0
2016-10-06,11593,Thursday,4,10,2016,,,,,1,1,0
2016-10-07,11593,Friday,5,10,2016,,,,,1,0,0
2016-10-08,11593,Saturday,6,10,2016,,,,,0,0,0
2016-10-09,11593,Sunday,7,10,2016,,,,,0,0,0
2016-10-10,11593,Monday,1,10,2016,,,,,0,0,0
2016-10-11,11593,Tuesday,2,10,2016,,,,,0,0,0
2016-10-12,11593,Wednesday,3,10,2016,,,,,0,0,0
2016-10-13,11594,Thursday,4,10,2016,,,,,1,0,0
2016-10-14,11594,Friday,5,10,2016,,,,,1,1,0
2016-10-15,11594,Saturday,6,10,2016,,,,,0,1,0
2016-10-16,11594,Sunday,7,10,2016,,,,,0,0,0
2016-10-17,11594,Monday,1,10,2016,,,,,0,0,0
2016-10-18,11594,Tuesday,2,10,2016,,,,,0,0,0
2016-10-19,11594,Wednesday,3,10,2016,,,,,0,0,0
2016-10-20,11595,Thursday,4,10,2016,,,,,1,0,0
2016-10-21,11595,Friday,5,10,2016,,,,,1,0,0
2016-10-22,11595,Saturday,6,10,2016,,,,,0,0,0
2016-10-23,11595,Sunday,7,10,2016,,,,,0,1,0
2016-10-24,11595,Monday,1,10,2016,,,,,0,1,0
2016-10-25,11595,Tuesday,2,10,2016,,,,,0,0,0
2016-10-26,11595,Wednesday,3,10,2016,,,,,0,0,0
2016-10-27,11596,Thursday,4,10,2016,,,,,1,0,0
2016-10-28,11596,Friday,5,10,2016,,,,,1,0,0
2016-10-29,11596,Saturday,6,10,2016,,,,,0,0,0
2016-10-30,11596,Sunday,7,10,2016,,,,,0,0,0
2016-10-31,11596,Monday,1,10,2016,,,,,0,0,0
2016-11-01,11596,Tuesday,2,11,2016,,,,,0,1,0
2016-11-02,11596,Wednesday,3,11,2016,,,,,0,1,0
2016-11-03,11597,Thursday,4,11,2016,,,,,1,0,0
2016-11-04,11597,Friday,5,11,2016,,,,,1,0,0
2016-11-05,11597,Saturday,6,11,2016,,,,,0,0,0
2016-11-06,11597,Sunday,7,11,2016,,,,,0,0,0
2016-11-07,11597,Monday,1,11,2016,,,,,0,0,0
2016-11-08,11597,Tuesday,2,11,2016,,,,,0,0,0
2016-11-09,11597,Wednesday,3,11,2016,,,,,0,0,0
2016-11-10,11598,Thursday,4,11,2016,,,,,1,1,0
2016-11-11,11598,Friday,5,11,2016,,,,,1,1,0
2016-11-12,11598,Saturday,6,11,2016,,,,,0,0,0
2016-11-13,11598,Sunday,7,11,2016,,,,,0,0,0
2016-11-14,11598,Monday,1,11,2016,,,,,0,0,0
2016-11-15,11598,Tuesday,2,11,2016,,,,,0,0,0
2016-11-16,11598,Wednesday,3,11,2016,,,,,0,0,0
2016-11-17,11599,Thursday,4,11,2016,,,,,1,0,0
2016-11-18,11599,Friday,5,11,2016,,,,,1,0,0
2016-11-19,11599,Saturday,6,11,2016,,,,,0,1,0
2016-11-20,11599,Sunday,7,11,2016,,,,,0,1,0
2016-11-21,11599,Monday,1,11,2016,,,,,0,0,0
2016-11-22,11599,Tuesday,2,11,2016,,,,,0,0,0
2016-11-23,11599,Wednesday,3,11,2016,,,,,0,0,0
2016-11-24,11600,Thursday,4,11,2016,,,,,1,0,0
2016-11-25,11600,Friday,5,11,2016,BlackFriday,Cultural,,,1,0,0
2016-11-26,11600,Saturday,6,11,2016,,,,,0,0,0
2016-11-27,11600,Sunday,7,11,2016,,,,,0,0,0
2016-11-28,11600,Monday,1,11,2016,,,,,0,1,0
2016-11-29,11600,Tuesday,2,11,2016,,,,,0,1,0
2016-11-30,11600,Wednesday,3,11,2016,,,,,0,0,0
2016-12-01,11601,Thursday,4,12,2016,,,,,1,0,0
2016-12-02,11601,Friday,5,12,2016,,,,,1,0,0
2016-12-03,11601,Saturday,6,12,2016,,,,,0,0,0
2016-12-04,11601,Sunday,7,12,2016,,,,,0,0,0
2016-12-05,11601,Monday,1,12,2016,,,,,0,0,0
2016-12-06,11601,Tuesday,2,12,2016,,,,,0,0,0
2016-12-07,11601,Wednesday,3,12,2016,,,,,0,1,0
2016-12-08,11602,Thursday,4,12,2016,,,,,1,1,0
2016-12-09,11602,Friday,5,12,2016,,,,,1,0,0
2016-12-10,11602,Saturday,6,12,2016,,,,,0,0,0
2016-12-11,11602,Sunday,7,12,2016,,,,,0,0,0
2016-12-12,11602,Monday,1,12,2016,,,,,0,0,0
2016-12-13,11602,Tuesday,2,12,2016,,,,,0,0,0
2016-12-14,11602,Wednesday,3,12,2016,,,,,0,0,0
2016-12-15,11603,Thursday,4,12,2016,,,,,1,0,0
2016-12-16,11603,Friday,5,12,2016,,,,,1,1,0
2016-12-17,11603,Saturday,6,12,2016,,,,,0,1,0
2016-12-18,11603,Sunday,7,12,2016,,,,,0,0,0
2016-12-19,11603,Monday,1,12,2016,,,,,0,0,0
2016-12-20,11603,Tuesday,2,12,2016,,,,,0,0,0
2016-12-21,11603,Wednesday,3,12,2016,,,,,0,0,0
2016-12-22,11604,Thursday,4,12,2016,,,,,1,0,0
2016-12-23,11604,Friday,5,12,2016,,,,,1,0,0
2016-12-24,11604,Saturday,6,12,2016,,,,,0,0,0
2016-12-25,11604,Sunday,7,12,2016,Christmas,National,,,0,1,0
2016-12-26,11604,Monday,1,12,2016,,,,,0,1,0
2016-12-27,11604,Tuesday,2,12,2016,,,,,0,0,0
2016-12-28,11604,Wednesday,3,12,2016,,,,,0,0,0
2016-12-29,11605,Thursday,4,12,2016,,,,,1,0,0
2016-12-30,11605,Friday,5,12,2016,,,,,1,0,0
2016-12-31,11605,Saturday,6,12,2016,,,,,0,0,0
